,IAM.MA,ATW.MA,BCP.MA,Lafarge
2022-01-03,100.0,450.0,260.0,1800.0
2022-01-04,100.48590444724755,452.54295017324307,260.81847942052497,1814.5385708271053
2022-01-05,100.37014057618218,456.66694961479146,259.1354632581279,1822.8700799994815
2022-01-06,101.00182739224508,453.6656149668226,252.10142554461515,1821.395579055342
2022-01-07,102.48163983139233,463.7178024753946,251.7516367980602,1829.707575471104
2022-01-10,102.27087058107668,455.95359933902887,255.8802618024201,1820.2655462732537
2022-01-11,102.06055064313041,446.8393353209347,258.61643813795143,1832.387257730116
2022-01-12,103.61086504109848,448.27733488539,261.4980262648795,1855.6933020077126
2022-01-13,104.38098738110129,454.87647172787973,265.2246672160832,1871.0902274947093
2022-01-14,103.93494759371077,465.66445287899387,265.5270389709627,1861.1151207171645
2022-01-17,104.48522563126664,462.7598140799422,266.1574774246357,1866.5237333745447
2022-01-18,104.0446947600863,469.777722295412,264.3354040819078,1848.680876011156
2022-01-19,103.60375780847318,469.57515260222334,263.4250703276715,1857.0125676762727
2022-01-20,103.85686985598805,468.5010518069398,265.3063722757574,1863.6652868113235
2022-01-21,102.01181814195932,474.3223260281746,268.98891575396095,1837.8207437612868
2022-01-24,100.3780440982058,478.6788099542741,268.59995813311394,1822.060625080881
2022-01-25,99.86149252760046,468.38259319006,267.2681840012697,1818.4738122436881
2022-01-26,98.92555192539577,478.1147543459513,267.30563449884727,1814.6509586688608
2022-01-27,99.23499204831295,487.39721387227786,269.17019453516826,1798.4410296188582
2022-01-28,98.40232613144693,483.239466996099,264.8347973122189,1804.043327923784
2022-01-31,97.11280078561842,485.9472233146302,258.06309453537347,1807.7830171317862
2022-02-01,98.48222219094775,489.3358285860441,256.49155327443657,1805.4367816185545
2022-02-02,98.2874580833743,491.1570821595672,252.9996948210994,1795.4562022781702
2022-02-03,98.36531796719514,487.47541965225963,251.57990208481198,1810.053609474942
2022-02-04,97.06486313614835,483.00858310951975,251.19237928285688,1833.157713133622
2022-02-07,96.58170014262205,482.88699367165094,249.93824565950524,1826.7792912543146
2022-02-08,96.69785048841987,490.8494866115575,254.1227532422558,1818.6541700314956
2022-02-09,95.66658528087966,494.61194577508195,255.10022193114318,1825.729773015075
2022-02-10,96.02157048667502,492.12839912923374,256.0051806267513,1821.1044838517419
2022-02-11,95.49282621440847,497.4707575654647,257.8523086559313,1819.4955161994792
2022-02-14,95.24463142937753,478.2636105623429,254.5781717929462,1830.0080528483754
2022-02-15,94.71920957558528,485.9884431657286,257.63001216799427,1804.0909447981817
2022-02-16,96.40643763054723,474.45987811922816,257.44330858561165,1822.4688691734648
2022-02-17,96.40896669913809,472.1309955340627,259.4427852621487,1823.7801594298503
2022-02-18,95.46489171138313,464.9090033652045,256.3430549929057,1818.4247480157333
2022-02-21,96.22456153870384,456.6884715680578,251.90014640396868,1817.5072105491085
2022-02-22,95.1355316837025,464.1424015528511,254.28123745162995,1817.2997246637474
2022-02-23,95.33813323585201,461.1908997844174,255.40310434948458,1793.9769606370926
2022-02-24,93.60338030604662,463.4583540639359,252.83798855116657,1814.6732666849296
2022-02-25,92.45019698524254,463.2045053673014,250.39057448603808,1815.548574298199
2022-02-28,92.636573161666,466.32471194723894,253.640359102948,1821.948056631968
2022-03-01,93.29958365036843,466.86924562607476,250.2761275236576,1835.412351304249
2022-03-02,93.46515502023583,458.6883532650453,255.015698480365,1821.6082223003218
2022-03-03,93.37743208531046,465.11298371835517,252.45856940171083,1828.4501618674271
2022-03-04,93.12645464190285,461.98845875357233,254.32677723225206,1825.0645690951353
2022-03-07,91.84857959211638,452.17537087475273,253.41485994301587,1837.0962377480867
2022-03-08,91.2399845909252,449.546526485588,255.18825762603248,1808.0984390274543
2022-03-09,90.85768407928342,459.04135885068024,253.65269582790853,1807.0514171329078
2022-03-10,91.78390973850536,464.5297758349803,253.21887189232646,1799.1411480515012
2022-03-11,92.09656669642587,462.3379770685862,253.37036912807503,1805.336232986178
2022-03-14,90.588952708521,460.15265809767925,250.5410344352558,1812.0701018743443
2022-03-15,90.88076261051918,458.1530222280314,252.68837311583619,1802.7090959362088
2022-03-16,90.56460203158524,471.57900107809013,251.25587315516756,1793.3347933249681
2022-03-17,90.00100966917388,474.13028627497437,250.63905653925013,1792.1395570574923
2022-03-18,90.53662421577171,477.0132877752195,247.86224975036237,1780.335896631512
2022-03-21,91.43700414948242,483.92266698376653,240.79673191163562,1792.007844794288
2022-03-22,92.25936503453653,485.57647950535227,240.3079479482287,1787.3169582960213
2022-03-23,91.5447300077978,483.88592988425654,247.00580337042007,1748.7664702501243
2022-03-24,91.29168343264038,482.620400662599,249.24654200596495,1744.1147460918323
2022-03-25,91.59197035415133,482.19109853709006,249.22554008258686,1730.7698439150934
2022-03-28,92.45438731454352,481.991767829692,248.517060008799,1709.8486557736394
2022-03-29,92.05087484658176,486.92660986106375,248.6137187019611,1694.2169138127408
2022-03-30,91.90366134305725,487.3271661249771,250.19440508612945,1695.906706515241
2022-03-31,90.9619016836254,492.3508216844754,246.89995255715334,1713.3164724790188
2022-04-01,89.95337096851327,491.8507264309477,250.0729190526957,1717.6691787031561
2022-04-04,90.6605990293442,492.4374419629223,252.14349251152913,1710.1025675632973
2022-04-05,91.84403681304103,479.0367676173349,254.2392945003811,1716.297754795716
2022-04-06,91.79567879797183,485.20857131639127,255.54075364385324,1710.6423573002933
2022-04-07,92.68452191659006,487.59400485453074,255.63188523890847,1701.9728931251796
2022-04-08,93.01608154999327,494.4354483598621,257.6242473243073,1687.4723918736556
2022-04-11,92.46501522891613,475.0312814574727,259.39364846885707,1665.5560697395783
2022-04-12,92.79557881402084,489.03066224780906,258.389069101212,1660.9360659651259
2022-04-13,94.16851084450411,488.13550526683287,256.74838612462446,1663.20414867081
2022-04-14,94.15111440406442,495.74089109727026,257.07956587284,1662.2720758712148
2022-04-15,95.56812598061613,488.6976681310572,261.66995511607877,1657.3348726721026
2022-04-18,93.24578529730367,492.9159445972622,258.0537688895172,1645.8080621952383
2022-04-19,93.9872258791575,485.8218899849189,253.82928235384642,1653.673599630308
2022-04-20,94.07902922224596,481.6895555541211,254.3380438931149,1637.5684627254252
2022-04-21,93.82802462757893,494.6884612022582,254.51897799524482,1647.4828174166823
2022-04-22,93.9238557774945,493.433434064285,255.05393679758438,1635.3262906296272
2022-04-25,92.19053038741232,494.97323070803486,255.7947425304127,1626.3273548095153
2022-04-26,92.01351639559324,501.029042280816,255.1824009233572,1608.667672062502
2022-04-27,92.33872876267655,504.5343649113951,259.5647468526888,1602.8541772342437
2022-04-28,93.65166484120627,505.6389844998564,254.929684426926,1614.9894292299728
2022-04-29,93.20848726251494,508.2549594253069,252.57989475322648,1621.5719763562884
2022-05-02,92.51335439830838,525.522917622641,252.31818793769776,1633.8873482763695
2022-05-03,92.08993163843522,525.1572071347775,247.69373878837456,1640.6277117487127
2022-05-04,92.90422503900658,526.6767652561952,247.2334876485328,1627.2733150291956
2022-05-05,93.2076034135427,534.4563670613732,251.9691380849859,1623.4850613546992
2022-05-06,92.75645608862892,542.7634687526178,252.0626252654364,1614.212467031872
2022-05-09,93.22174386029569,551.8226447475333,252.75675889490265,1630.8074224130467
2022-05-10,93.32164403387212,556.7860465813502,249.20423984926381,1616.3947605983583
2022-05-11,94.19420567781073,548.0918434773943,247.50184738206625,1627.6280543101009
2022-05-12,93.58579980500025,560.6980272097442,246.4841881699218,1638.930199583878
2022-05-13,93.31084266965621,551.9171871706843,245.6307574824218,1662.0373708246118
2022-05-16,92.98005521699163,554.2936087504278,249.25987430161058,1657.1795372553775
2022-05-17,91.71719392179074,548.5857627976084,250.8747406494605,1666.4099368746195
2022-05-18,91.98832869702426,548.1544735708023,247.7660989407418,1695.6888881895386
2022-05-19,92.22970118132947,550.7140632567878,248.49292644750514,1688.0769658660874
2022-05-20,92.2483415312566,553.2288260935643,249.9342318703659,1668.8854672237094
2022-05-23,92.05824131859796,556.5301567794875,253.22033843913434,1645.615239332218
2022-05-24,90.8492198877194,569.1748476885414,257.8339534496121,1654.786103313328
2022-05-25,90.50275146179602,572.8222458550157,254.91746527860755,1631.6737386536875
2022-05-26,90.22401877761462,570.9457177891252,252.61831019872318,1627.3642724726467
2022-05-27,89.55640385004563,578.6845515897594,249.07504301325795,1633.0302100280026
2022-05-30,89.43377439717186,588.3631772739018,248.44831098725237,1635.5954870153744
2022-05-31,89.78968407894173,578.4972202038515,249.7990897391948,1641.1428393838214
2022-06-01,91.41838832753145,583.3663106279103,252.64526793004106,1644.1820837885612
2022-06-02,91.58339871736592,589.1230238932806,252.4616422118486,1660.4359779369554
2022-06-03,91.82066771815771,586.7586456007454,251.58143192186574,1648.8057060001272
2022-06-06,91.7702097915926,598.1140498989873,252.04852360955016,1640.6679579394897
2022-06-07,90.13520483145487,596.9326307127654,249.7064728769047,1631.390200742343
2022-06-08,90.12648352467212,598.0336167443867,255.72774656745327,1641.9392892623844
2022-06-09,90.19165877779292,596.6620057733534,251.14195900976614,1653.4338581538384
2022-06-10,92.3297278369927,596.8519453162614,251.7023506645985,1659.365060614616
2022-06-13,92.17623086837244,587.9127315534803,257.5791125138381,1674.5613461188946
2022-06-14,92.45346363023258,576.3549322644947,257.6335266898525,1659.9972361929088
2022-06-15,92.43735727757692,589.2931788697429,257.1134488814238,1681.336156147298
2022-06-16,91.43624896774642,582.4762527341096,256.10781282879293,1701.096854059993
2022-06-17,92.4432023493252,574.5869249290395,255.61877572587773,1710.8731806674327
2022-06-20,93.11667683359181,557.7498644641289,259.6638585299444,1734.3675928195053
2022-06-21,93.82971675450217,552.8892962034365,253.2664035232105,1713.0746451068217
2022-06-22,93.04120705911585,542.8993120486971,257.7431493534043,1706.5865058544223
2022-06-23,94.29719199434422,555.4521383725419,253.64902355732949,1697.415244537226
2022-06-24,93.07065484455671,563.3378720941447,252.91718122714522,1706.9879112892172
2022-06-27,93.60258329069518,558.0480611581448,251.72294068614164,1693.7785903022918
2022-06-28,95.57484065534577,575.8016805707084,253.44243965352305,1703.7945497713677
2022-06-29,94.69902398006077,583.7493342689245,248.92454909616393,1721.83050576464
2022-06-30,94.20812711491108,581.1868522238706,250.26603881176888,1731.1969600295258
2022-07-01,94.31137798703628,561.4575573120136,256.1113082620091,1735.2089719440983
2022-07-04,93.87820135162727,579.6288842316078,252.21687552032466,1722.5918942102253
2022-07-05,92.5269163226459,568.6315931206728,252.79389874522806,1711.890510442656
2022-07-06,92.60111832461776,555.8686683691878,250.93714310815793,1728.4315759232622
2022-07-07,91.69035206414695,563.8599660149714,252.18569873942008,1738.9397001637221
2022-07-08,92.1157519383014,583.3107741451007,252.27429260051176,1738.7221401227962
2022-07-11,91.3329834517101,594.6700438601313,250.47955674753828,1733.5324117172179
2022-07-12,92.6946965692936,599.3969883142767,251.90282199139577,1707.477877673291
2022-07-13,92.02534075792396,604.4198254538385,257.1441692814922,1693.9995223636158
2022-07-14,91.75982417712683,611.673498291108,256.622563021336,1718.9456792560898
2022-07-15,92.48212121759387,618.2041750353187,258.7602077268226,1702.6768540359776
2022-07-18,91.42678947360949,620.6815267429115,255.02755138731877,1705.4070252879742
2022-07-19,91.63759389416478,621.6421362511956,252.31056810488522,1718.736123211912
2022-07-20,92.79072689262297,621.1667132564921,253.69974272377877,1702.7979076567376
2022-07-21,91.40600623884029,614.7728925273532,258.0398095167104,1705.4667849320003
2022-07-22,91.57969583239256,612.4488992684004,259.117150201217,1717.8932127222145
2022-07-25,91.81897882915226,598.308025425724,258.2336149169559,1718.3473587508192
2022-07-26,92.5140309444308,597.5543463172087,258.2661782343695,1756.3115877537969
2022-07-27,91.4530753612063,589.4836780751774,254.66439687058627,1734.592191639251
2022-07-28,90.33298090621192,580.5959653511217,256.450400138802,1748.8272394702458
2022-07-29,90.79355336080665,582.1048475937766,259.0637363309719,1746.8409711496004
2022-08-01,91.06270144243466,593.5042063285609,257.77368810731,1757.3623259824242
2022-08-02,91.29253317794567,601.1673535220599,256.4378594997146,1763.5341162349428
2022-08-03,91.60596581984123,588.2844812922194,257.2466300779369,1754.0852879835531
2022-08-04,91.03322400131445,580.3306728858338,256.01024557900587,1757.4227845260696
2022-08-05,91.24725408563204,588.006681460518,255.8526567191696,1733.2076684361289
2022-08-08,91.51436405898461,580.1140350578431,262.0523920064509,1741.4250966148343
2022-08-09,90.91270202062748,578.3700880378976,261.3544604779356,1745.6509205533491
2022-08-10,92.54392618353488,582.8555240726788,260.3295956220525,1754.3969240197773
2022-08-11,92.97349751250711,575.1447390687684,258.45980709337255,1768.7863417974627
2022-08-12,91.94692325598005,576.0442481442269,260.6849701819355,1774.0098119564013
2022-08-15,92.53334885851515,565.5501661769528,260.18473696819416,1776.2985038005486
2022-08-16,91.69914006222405,560.913784330686,258.31062519465183,1764.8069322763145
2022-08-17,92.39787880858695,563.462821556375,262.24498937461146,1755.6291030255838
2022-08-18,93.42934580447468,551.2160935196904,266.5361956158346,1771.7503703234631
2022-08-19,92.72188618554964,554.6480140036178,264.7632463122962,1791.3965014500466
2022-08-22,93.58418076257418,554.5538575398296,259.2532983855541,1788.4787168490525
2022-08-23,93.96435828924547,558.8734729604416,262.2671991707105,1789.4046539966282
2022-08-24,94.71165367134232,560.6678381851184,260.27401572527515,1777.511883804025
2022-08-25,96.43930341476758,571.4267089351864,262.6530504095215,1793.644562099289
2022-08-26,96.23074492127193,572.4778593823291,256.88517900205073,1802.9956611173934
2022-08-29,95.56250470520312,569.1394257815949,259.53315002605,1829.9590755502466
2022-08-30,94.77722913889488,570.1632399274273,256.0275788083307,1818.1580831553488
2022-08-31,94.06389342764979,574.5312492152794,258.192487321598,1813.2781079272254
2022-09-01,94.00984359182738,574.9792811979939,258.26891543849194,1816.7618707319057
2022-09-02,94.32788478555686,575.3617286839484,255.52463420803932,1825.9722179629705
2022-09-05,94.58936991636442,569.8496915266073,254.3821311228007,1823.3074180514568
2022-09-06,95.34625146568281,564.6963001350827,256.4038746067275,1811.6227493641672
2022-09-07,95.3726303825799,553.8822747656327,256.74636570725914,1824.0433287064495
2022-09-08,96.70644212170117,567.5344198637238,258.4880438975418,1834.32535207292
2022-09-09,96.47973803362073,557.892033938482,264.38180719773896,1821.9734347770423
2022-09-12,99.00694213133522,552.6169436022291,259.76869281419505,1841.0503372670055
2022-09-13,99.60932062560792,547.1983033565128,264.6116252681125,1857.72376543108
2022-09-14,98.82100002509831,554.0839074392303,264.9604575504237,1859.9265238383541
2022-09-15,97.841118173254,551.8801457182927,262.30907180172477,1861.3620937467126
2022-09-16,98.30330277781718,561.5637798598246,258.41666431180636,1869.4918435545828
2022-09-19,98.11103726049168,556.4036579291981,257.897691968209,1857.6692877195214
2022-09-20,98.79038783449197,558.6163434247017,260.6419484515326,1858.406664784786
2022-09-21,99.24839577614392,552.2431673726162,260.3001729356167,1828.72470206101
2022-09-22,99.1953717318615,568.965513513507,264.834337676342,1841.1936111010575
2022-09-23,98.41996487805139,559.7351006432405,260.54714689960934,1819.8973984135453
2022-09-26,97.03614011292343,562.2011644192737,260.5463785993338,1841.010769299239
2022-09-27,96.64245019697735,567.2189773345199,256.90701300796286,1836.734230355485
2022-09-28,97.44265640444605,570.5395716432357,258.003081153229,1834.1091910044286
2022-09-29,97.65499724829318,569.1346591000669,260.6456995255642,1825.736611082261
2022-09-30,96.52706891748849,568.1697902338694,259.4399187268114,1822.0750703514204
2022-10-03,96.70002410185872,568.5730786699777,251.9247082748137,1842.031300710206
2022-10-04,97.06766654574179,567.4740242749427,252.527525109648,1808.0206909018932
2022-10-05,96.27516857203548,575.1641429232417,253.81522198703863,1825.8680143114498
2022-10-06,96.42994307524918,593.117673084128,255.01565320552965,1830.8503972200826
2022-10-07,96.49783344359402,588.6130973484944,258.6488908789376,1814.5294394618738
2022-10-10,95.47593941214767,577.6035786517464,255.5609742954956,1800.145357356795
2022-10-11,95.81400028240273,576.9563940312198,257.57426357585854,1823.4122295331533
2022-10-12,96.33787084911289,598.0177776061379,261.1157960472731,1810.7336202555562
2022-10-13,97.34380979863776,591.4546318449247,255.9368697085559,1795.3202335662702
2022-10-14,98.33307160244003,605.1058400545431,256.90065387641755,1811.1292399815102
2022-10-17,97.0762181344073,619.4032495035292,255.47044158266152,1816.0786717543826
2022-10-18,96.23456340424019,614.7322964989326,255.26863498783325,1803.5544118290052
2022-10-19,96.71891378812067,619.6622850078336,256.31133782702733,1806.8170533834339
2022-10-20,97.2045544170005,633.8703669153102,254.93340222389537,1793.165767636342
2022-10-21,97.6937982483678,630.6131684322046,253.02154946251417,1808.4568487525216
2022-10-24,101.33144118671089,628.9008742253345,253.15350398073048,1823.3344924916612
2022-10-25,101.89520856599265,623.9153442190302,250.0852742431787,1830.9929102542558
2022-10-26,103.01027852351301,615.26549103541,247.05821175444345,1836.3173678039404
2022-10-27,103.95904400423595,609.81650921913,249.00213728714164,1861.2444211432348
2022-10-28,104.61697805326136,599.6212887909381,245.8126122723331,1861.5561500861752
2022-10-31,104.32182664451405,599.9660102389734,247.71004964512545,1845.3122242642107
2022-11-01,105.08882689084531,593.6586904337681,249.04617641581711,1851.907215043437
2022-11-02,104.34025284625551,595.6462247178919,244.25277319675078,1881.6610233907072
2022-11-03,104.12303879701072,582.9996594582069,242.41591567559064,1867.599451409358
2022-11-04,103.66253637015144,585.7391489589555,245.75349131183884,1862.8197417513973
2022-11-07,103.75871840180804,592.6052881473499,243.06714481549778,1869.0106139015677
2022-11-08,106.06938186046018,576.5144248597949,241.82298677485784,1868.566512957883
2022-11-09,104.2303337785186,579.5701328990024,243.12589702920195,1855.057866512403
2022-11-10,104.92454966019457,589.5755979402574,245.3280622314553,1871.1742594047262
2022-11-11,103.35364504292552,579.8336689363252,244.66215224692,1904.6035575403098
2022-11-14,102.90960559260307,593.4917659052514,243.04273368806182,1907.753432420671
2022-11-15,103.98996177596857,597.0093522899869,247.02747664478628,1895.0819135734532
2022-11-16,104.06914479559538,591.2651799242143,251.980314589896,1873.3398690701051
2022-11-17,103.03055254996818,590.8688660624916,254.82685174418762,1877.315480460505
2022-11-18,102.35225622207842,595.5195230773659,255.1077093397892,1893.367879438956
2022-11-21,103.02747714114898,596.2081727818953,252.81426803782077,1900.5037106189116
2022-11-22,102.33463460814158,600.7378961199115,250.47844607559287,1900.791981764139
2022-11-23,102.55992748663014,593.1822994577801,252.00067176695995,1892.6652069100503
2022-11-24,102.61987930635502,594.6370813214851,253.23301433166048,1877.4225616475146
2022-11-25,102.0056694601719,583.1598953029667,257.32421616453945,1889.6277018461335
2022-11-28,104.10921912422272,582.3212924746776,259.2638759457957,1903.048610205843
2022-11-29,104.75080812211672,575.130943591645,254.9167872654607,1881.261108520559
2022-11-30,102.78117817964029,569.3564209895467,258.01023617899097,1904.3300151988192
2022-12-01,102.97825424777189,579.2531834458434,255.1410277952656,1912.9368146559216
2022-12-02,102.3520475891154,588.1406833773152,254.06667802062776,1933.6113935234127
2022-12-05,103.19566283878873,593.1874292003226,254.82266582981737,1914.4181759613161
2022-12-06,102.44150760388308,584.3351863888042,260.6896826092508,1895.0759805973732
2022-12-07,102.34624161698477,581.8380471405312,270.08265269947043,1893.2646597896362
2022-12-08,102.85158653062221,591.7631523342659,271.98359530143614,1900.7968756041785
2022-12-09,103.71237358992471,592.9872317108429,271.4556096575912,1927.1115181986245
2022-12-12,102.55850989955648,612.4198851864235,273.1424562968675,1937.7539707347537
2022-12-13,102.25058275933365,615.8302688695452,275.94254409145026,1934.5309588596224
2022-12-14,101.80838343604489,617.5347359987524,274.97791032388716,1919.9057915069209
2022-12-15,101.1973774117271,614.9578623657021,280.6703022153753,1938.169342239291
2022-12-16,102.91553322280261,616.1601003409146,281.4412051129596,1924.413494743029
2022-12-19,103.32600359142535,614.9224612264853,283.0720803365809,1948.5804823423086
2022-12-20,102.11795938643637,621.0502678900742,285.25586923891626,1944.7262955735887
2022-12-21,103.02331889929786,629.4038201667778,286.6612010003207,1968.5845001943512
2022-12-22,105.12620920207185,622.6488056874115,289.43995096344224,1979.0498109871717
2022-12-23,106.17315194340281,611.329364117756,287.4597889550765,1977.3371954304462
2022-12-26,104.67584070183648,596.0299025281628,285.6840746266174,1969.9234074773613
2022-12-27,104.21400563317229,600.3022730890996,282.1802684778854,1965.1871499417948
2022-12-28,105.485287299717,591.253272064201,283.628056371143,1971.895166207222
2022-12-29,104.79838990234964,573.9318125224052,286.1826249690231,1973.3807391818555
2022-12-30,105.25498948685697,577.0899633129499,287.71054978043776,1964.8761829701002
2023-01-02,106.04454600092723,597.4378589963027,293.26482070720385,1962.7509156704177
2023-01-03,105.13595806452928,597.4487599629084,293.28554766539327,1964.2506920622766
2023-01-04,105.09299862877126,604.4937274444336,295.55757125577276,1933.223794900662
2023-01-05,101.93876926130578,605.241603432955,291.9606541269765,1940.260487832397
2023-01-06,100.97233295104,604.4745824910949,290.7209510436443,1926.2711376851964
2023-01-09,100.74713596463451,612.2858237607524,293.0621374747671,1909.874530135439
2023-01-10,99.58156930154266,609.8900894317883,295.9370313489215,1885.988837915509
2023-01-11,101.14505828342531,612.2170336411541,294.9917986817476,1860.9024429096305
2023-01-12,99.80276727364814,615.0155446022472,294.7919409675758,1842.2454404405985
2023-01-13,99.40393012922183,609.4098688672183,289.8005359069318,1832.709223897966
2023-01-16,99.54211327156277,617.909407216028,288.66841471980223,1860.2863263320116
2023-01-17,100.92254343079927,616.4760805596947,291.6366851302528,1853.2205795001194
2023-01-18,99.57782245775024,610.1154860257395,293.5843928249912,1856.02756320618
2023-01-19,100.6937878265418,614.7317348205933,295.29542030893697,1861.9711434282217
2023-01-20,100.7190110713775,607.1869624245544,295.5017584447419,1864.1334034250651
2023-01-23,99.80456821184478,607.4863399611507,295.5650663339161,1863.3588747738631
2023-01-24,100.2567297069531,607.4717626130666,293.3996850579693,1846.91185273694
2023-01-25,100.46093046711624,616.745939563055,295.77347930562127,1867.5974115011793
2023-01-26,99.90813899869248,620.8802640793708,297.2285585444008,1893.6075416629826
2023-01-27,99.98943109396376,620.7285021820843,298.9315138709279,1869.9915255405601
2023-01-30,99.64136503002193,627.8676201908094,297.19365075639183,1855.8871167459201
2023-01-31,99.76364095507184,640.147228860682,290.0639634856759,1852.2803204300299
2023-02-01,100.40521162012166,645.1811306950832,293.7344511443958,1839.1363870517584
2023-02-02,101.93693467554701,645.3397710588669,292.1831268281149,1846.4976597678126
2023-02-03,100.76709333657584,633.7781642675499,289.37745880082423,1836.672129492431
2023-02-06,102.83449879051395,624.5555567860213,291.7010161665138,1867.296075590486
2023-02-07,100.97057744756455,621.9829319631211,290.4462350630072,1884.497068808307
2023-02-08,100.84137094791218,616.8142885565745,293.99746881122684,1887.8483250756844
2023-02-09,101.41911075874016,615.2810712697741,296.10125533336793,1902.884429739731
2023-02-10,101.70438669905252,615.8273602830134,298.4452650080699,1919.1848116183473
2023-02-13,101.12326803764567,620.4282078658265,293.89783127725445,1911.3452577459386
2023-02-14,100.94011777673853,619.8857936102164,298.00446641309406,1899.9111775511337
2023-02-15,100.48644035852477,624.1432549168901,298.92864634400706,1901.3566994957444
2023-02-16,99.94375651754004,624.7651565232499,297.7195159773346,1914.1063999932092
2023-02-17,100.76482616855554,607.9549703254877,298.243963518857,1916.445026189092
2023-02-20,101.12087637985576,600.1533664384468,292.33644084512224,1894.0564317445935
2023-02-21,100.47641131670426,599.0174612813425,293.73357470486286,1882.9163939540588
2023-02-22,101.3497267047452,589.1190797947379,290.3639973484616,1882.1834400616906
2023-02-23,101.66007540169268,594.0983913761859,285.9827764558227,1881.4266967485894
2023-02-24,102.45966906628458,606.898487787675,281.1262293348035,1910.0152548191397
2023-02-27,103.08691339681725,617.2995335242143,284.73377201798786,1890.4293754890184
2023-02-28,102.29828977555114,615.5392510143123,282.7472986766646,1897.9905528745946
2023-03-01,101.77388223597539,628.4526064809615,287.7461091138032,1919.8022790190735
2023-03-02,102.5108393059485,629.8132432067092,286.0415943990538,1953.3827015824581
2023-03-03,103.11962984285901,626.9420703537137,280.5948299932784,1947.7511926297357
2023-03-06,103.11512034913767,621.698695921862,277.10200084641696,1955.3323349505808
2023-03-07,103.24537604771061,619.1614786046175,281.0499990655846,1964.1056387274405
2023-03-08,104.51546126122325,615.9026188122685,280.5912527846493,1967.3442568549008
2023-03-09,103.94885098931233,617.4221529721381,278.8896342343062,1966.2087223170615
2023-03-10,104.50368301268158,618.8610172770309,279.43359809093744,1973.0344498003112
2023-03-13,104.32025512573567,618.9505078465552,281.0657137803301,1935.954618328841
2023-03-14,104.12190952269319,622.7736245545924,284.6876850556618,1946.292633939111
2023-03-15,105.22476220463179,633.1999674473992,289.4409494413128,1948.4808275975897
2023-03-16,106.06497478620952,641.6533733128151,288.3012775330484,1945.5371241188204
2023-03-17,106.89986865588331,628.6482443755532,284.03691026429834,1976.2097854141305
2023-03-20,108.2433544723422,606.8491429447008,282.7463110333635,1966.486759921588
2023-03-21,108.28148855552189,614.8209388519963,283.6200523715763,1960.8370595006168
2023-03-22,108.99825050185026,603.3456753957615,280.5751564849778,1990.918365341348
2023-03-23,108.69587622784151,601.5307865798462,277.58374803649133,1978.7712503232083
2023-03-24,109.04609799139675,591.9154808044501,278.705312920515,1970.8943648404754
2023-03-27,108.92883114924436,577.3756734957007,278.58896692182867,1969.0395101742033
2023-03-28,109.04547960672501,581.784139297026,278.72997138475085,1981.9298904459677
2023-03-29,109.67731058938766,587.9975415251721,276.3800930249218,1985.3828016401283
2023-03-30,108.84935102307658,583.3780687551256,275.6959685723945,1966.411395316905
2023-03-31,111.03992226910876,562.8591248988538,272.8584066269796,1958.8494388575377
2023-04-03,110.00629548511009,558.671430280567,275.66353109206136,1950.2078432764554
2023-04-04,108.76812923668905,561.7707189065892,278.95592176563594,1949.4008290935792
2023-04-05,109.98183883819016,550.4303276980681,273.2136547274494,1956.018393069441
2023-04-06,110.82468406319363,551.8873210361338,270.38546030444905,1962.545106493223
2023-04-07,111.49733370337034,551.8267306590894,265.87164424958206,1936.7021598001595
2023-04-10,112.17854507779933,556.3317059461093,263.95462154276686,1952.6727753457005
2023-04-11,112.18281340850767,557.3114940402005,263.7403851219836,1956.7367659435342
2023-04-12,111.25282523867926,549.9026331291035,259.47540633799986,1977.6595304113591
2023-04-13,111.34966350224244,559.1548990981682,256.8117032244075,1984.6483706215927
2023-04-14,110.65647302894843,557.9849009044449,253.93884352222636,2001.5798935280955
2023-04-17,111.69794965270785,557.8309047130824,254.57049254199117,2008.9926108570469
2023-04-18,111.55999949869931,550.7188258944304,254.8049116347204,2029.8862545559482
2023-04-19,110.71021509996586,547.4019984861267,252.76206515938486,2038.2619190742437
2023-04-20,110.39149268570962,540.7859884162737,253.30332395535447,2037.0997718075066
2023-04-21,110.84010609628072,539.5466172699986,251.7717786783797,2072.7473487677803
2023-04-24,110.26821881524987,552.5553558572652,251.031112233597,2087.0785792145307
2023-04-25,109.43166254408251,542.2045008926783,255.87426581821995,2096.5061489131945
2023-04-26,109.70080063192151,530.268647441906,259.82795522459077,2076.7290988113714
2023-04-27,109.97193006450229,541.2464093789839,256.06157993588886,2056.9519649153276
2023-04-28,109.4632371488073,539.7338095897549,258.5167194146133,2061.858624068679
2023-05-01,108.99386925736219,534.8070230158266,260.9411412819186,2064.478596405742
2023-05-02,109.24991663951934,542.6258730000225,257.6002371082358,2055.2658559657416
2023-05-03,107.78179103945592,538.1457428384543,260.03782663321346,2057.8068508921065
2023-05-04,106.37421604788089,551.9944091442675,264.64776238742957,2083.021559098311
2023-05-05,105.6707710519981,557.2619787874014,261.33560090596694,2094.355988617814
2023-05-08,105.47407741882596,553.5632579024501,258.66558025417714,2076.722084609245
2023-05-09,105.80066250325271,570.4216905352114,261.7027597212753,2075.3247418854457
2023-05-10,107.30243652424804,565.7112881305399,262.5448564872423,2063.0851543458634
2023-05-11,108.19219712284148,571.6178721979452,264.22717103222107,2057.3970493808956
2023-05-12,108.04542507939438,574.0525248122652,265.2851473344531,2051.322723989164
2023-05-15,108.04262496358398,584.5625082317017,266.4987298306124,2044.2766209773813
2023-05-16,107.04042668753563,597.4117715969111,262.55558822949354,2025.316340776739
2023-05-17,107.03816143090889,597.7379977385,265.72778439079246,2023.706576046378
2023-05-18,106.763021063696,591.5898168463619,269.3114317455732,2015.490952240982
2023-05-19,107.1055498515772,595.4339773938455,268.647880904849,1971.6842074347828
2023-05-22,106.2879550062852,589.9280865165648,268.55149248779435,2002.8615965051138
2023-05-23,106.82725608281484,606.682717009793,263.9647769732846,2019.7568289071846
2023-05-24,108.4023634663998,607.8940035156531,265.5440928104898,2014.3617535458359
2023-05-25,108.30767018512829,604.8860121345284,267.3079996155747,2014.9905337923037
2023-05-26,108.73628682150503,606.4982481983043,267.1553961930535,1997.5620548408158
2023-05-29,109.4645312674786,595.3412707601668,270.6194507003184,2023.6762149480464
2023-05-30,109.067087456987,587.4386890337847,269.6324243855115,2053.2579211282246
2023-05-31,109.31508703524254,597.3543183827564,271.4005561858106,2056.040603121484
2023-06-01,109.34490754011668,592.0014696655829,268.3167047277471,2072.36217017535
2023-06-02,109.46270503782269,583.5339748069406,268.2810399452547,2075.462429510078
2023-06-05,108.68278521859499,587.9502673295459,267.78708962975867,2054.9451019204093
2023-06-06,108.72467628986693,597.7526627326947,268.50810555486123,2048.905775127341
2023-06-07,109.25430000710897,603.8001092500359,267.42126518026475,2051.298496125623
2023-06-08,110.77974830754792,612.25539195504,267.05871887732553,2044.6094410092367
2023-06-09,111.8056401198108,605.9295283458104,269.60803354484995,2041.5794872285032
2023-06-12,114.12124540571551,594.1677142252447,268.3121020032035,2040.5159494518361
2023-06-13,113.31419605214752,606.7219031081776,263.5038865578716,2039.6151733967795
2023-06-14,114.26963573604439,604.0765903218785,268.8196372838815,2040.7676332713086
2023-06-15,114.48537325785226,602.0419679959753,273.10026674831374,2024.8152229429916
2023-06-16,116.89692142243597,613.2891852268687,269.1638361573238,2014.2122118996226
2023-06-19,116.02533842469619,618.098347435667,271.3134864635848,1995.0865923491135
2023-06-20,115.12606509832193,622.0795476349605,269.80672197141894,2010.2294828672314
2023-06-21,114.49346966888444,641.0929587449165,270.6503182967076,1978.8216329511797
2023-06-22,112.23586894266309,635.465959580116,271.59119178095597,1996.4921133265946
2023-06-23,111.6968473476254,643.7558638838102,270.90661209399923,2017.867690109398
2023-06-26,110.91555231681875,644.3306780004868,268.5457300891072,2013.6055592049397
2023-06-27,111.09036612881526,646.7997812704992,266.4869685172303,1974.7047631821379
2023-06-28,111.46682797071266,660.7144514963102,263.7682379267637,1969.6532072591963
2023-06-29,113.47799682453959,665.449049252995,261.32712646906356,1969.0321841355433
2023-06-30,114.51930237961744,670.5005601862821,261.16316817727164,1954.379167733944
2023-07-03,113.91424531066914,680.6106934459564,259.08690578528683,1947.1129519557367
2023-07-04,112.96866511086692,677.2463457717241,261.13340825194445,1970.100915829237
2023-07-05,113.512441704495,669.4838975794025,265.61007044769775,1980.3646331475709
2023-07-06,112.12240632191309,659.9273808687869,263.9042305276755,1966.9060583323678
2023-07-07,114.09718858136321,642.2521862873593,264.6570913217969,1943.6252330818272
2023-07-10,115.39361786069372,660.8849520442787,266.1965688756406,1939.1558098814698
2023-07-11,114.90084334941741,650.9241506991168,267.66097104785297,1936.3581924689724
2023-07-12,113.07323371713811,648.9977289455677,267.9275277359977,1943.9650803015813
2023-07-13,114.54667204896049,646.578960819973,270.229575973082,1936.4433589452103
2023-07-14,114.44036139552759,649.4059123353182,271.74773611896245,1944.2754433639084
2023-07-17,115.80455051732405,656.8563833710327,267.9966684951135,1973.2612202803577
2023-07-18,114.0904671658003,664.8043737889468,270.6872187205577,1985.8004164609
2023-07-19,113.46358104002151,659.5214589427861,273.46100643285706,1985.4158564336715
2023-07-20,113.48665259034236,658.063085618188,271.1408195677942,1983.0057427103488
2023-07-21,113.55450323896285,660.7128794512823,271.29386794573594,1978.0022907424652
2023-07-24,113.09000174135736,658.5070441505262,273.44075114639304,1996.07357610491
2023-07-25,113.77503548425116,673.4092986970511,272.82912889596054,1986.9679554441404
2023-07-26,112.65035641642805,678.076402348351,276.2058033618719,1987.9849328430632
2023-07-27,112.51620334048454,685.087658847188,283.7473341930271,1989.092272468748
2023-07-28,112.66149435662325,691.4811222521399,281.2674671247562,1981.8982538367934
2023-07-31,113.22788366834946,702.8904524522683,276.93438753854593,1961.775786169557
2023-08-01,114.00933784900431,704.7281706796194,277.92734096200735,1966.9052637640768
2023-08-02,112.8215375932427,692.2465196419827,280.24818703355396,1966.3323770631193
2023-08-03,111.21497171045661,696.162889606685,279.5530118093329,1974.1173238294857
2023-08-04,112.58310853541016,689.9775719494253,284.2358909100457,1966.5044502277676
2023-08-07,112.95455091868125,685.0114373547601,279.9917837847163,1985.0735349212152
2023-08-08,112.17574243748152,690.6713927085754,282.23818575135556,1972.2953429961306
2023-08-09,113.84951684563426,702.6982225082937,280.3435052634112,1998.3256652490088
2023-08-10,113.99155208335867,702.977373721079,285.901028199526,1972.4345926828967
2023-08-11,115.28662535896332,706.0648650949942,292.4731369974083,1979.2638994349497
2023-08-14,115.37794078755448,722.993312789267,289.9805586275748,1986.7274091927648
2023-08-15,117.66471584123877,725.4838991129536,288.2178495680737,1975.1508242574905
2023-08-16,119.65102376248605,752.1962036885366,291.07982834748464,1981.834082097543
2023-08-17,119.38823364186727,758.1921177734015,289.8437636565276,2001.435780611079
2023-08-18,120.50785081408664,739.9904715522705,289.7334156903629,1968.510330491125
2023-08-21,121.26362591096836,747.8332492487015,289.8557103312079,1976.3413138328945
2023-08-22,122.86092500301791,751.8709979527997,283.65262213106627,1939.7707568453898
2023-08-23,121.76453329110396,765.5093566721105,283.6461610778103,1925.9895758248506
2023-08-24,122.57529222570618,772.7636426530164,281.4742302023121,1950.18664312402
2023-08-25,123.82637871145299,771.3612390001294,279.9423078560415,1941.9586261801783
2023-08-28,121.80429976859189,758.4614694507875,284.6006341403938,1925.1294413175174
2023-08-29,120.46854534409213,756.3449763634242,280.6121850856703,1922.577589831533
2023-08-30,118.18763885901797,747.5587260317533,283.2496314938475,1953.1989668639455
2023-08-31,117.90528537683059,741.6444478976872,282.39296210675394,1926.6681217009743
2023-09-01,118.7256705938148,747.7952858627053,281.5363386059382,1911.7419355237116
2023-09-04,120.44163181992391,765.3814527414863,284.1089042522687,1933.8332931712935
2023-09-05,120.54452081625044,769.6580727197738,285.2447479758351,1961.5146322900434
2023-09-06,122.43274910041741,757.0848651531871,287.1348157561433,1960.3145030131404
2023-09-07,120.8650856782411,761.842124958502,290.3433406355398,1942.369081983252
2023-09-08,118.95356987094432,774.6609762814113,289.2934581211162,1973.7224598693
2023-09-11,118.90943360891431,768.220704812331,287.33064157505726,1997.9946971143459
2023-09-12,119.36010169569772,766.8737193629433,283.85492791825067,2008.6165955782535
2023-09-13,119.34158244454376,767.1083727533459,281.24836544907924,1996.6581958287245
2023-09-14,117.05080838316906,758.8869334443972,290.85121750122374,1996.2573356409007
2023-09-15,116.97026589404311,765.8141388972234,295.02477126278654,1994.1775869884439
2023-09-18,115.55509815299261,764.6098463436177,290.5784835288781,1999.5108393092917
2023-09-19,116.3065103790485,769.1471111294488,286.29208620348606,2021.9066481326558
2023-09-20,116.7280458558168,759.8227242713915,287.8992362103486,2035.7383134496804
2023-09-21,115.7137623202916,755.3074820254766,289.730178571182,2019.5691656522654
2023-09-22,115.17097453099692,762.9851533657554,291.5781178998946,2041.0397935260487
2023-09-25,114.04155529961061,759.1307069554551,290.77540232170867,2046.2242762678757
2023-09-26,113.9915599568164,777.5981097660457,290.40101125535114,2057.228829898397
2023-09-27,115.04270722804485,773.382511397908,291.5217731723412,2080.5154949029816
2023-09-28,113.99367459249139,775.8738828383521,291.84497644081443,2063.4571029437298
2023-09-29,114.55551155192116,786.0472144471756,284.63065282670414,2063.2487566046575
2023-10-02,114.00049937472161,770.8259015452222,283.9280408862838,2055.325499520496
2023-10-03,113.1670057507564,752.3204804533177,281.23789549478346,2031.4547608828004
2023-10-04,113.06999849675265,736.6561102905799,281.8349883801147,2037.1319050676195
2023-10-05,111.98654520974726,749.7361373273714,291.577411878333,2076.5301714996244
2023-10-06,111.41934965151917,744.1001780334144,292.83418046795447,2048.194093556701
2023-10-09,110.18225907703655,771.0331465400146,291.8341164087184,2048.0421698617974
2023-10-10,112.26414956115809,765.1057109407138,294.9399923550157,2058.3324988850086
2023-10-11,112.3188331680431,767.1436179006804,296.598452751615,2060.598374062414
2023-10-12,111.5958136371472,783.7954229459527,298.0546216507185,2059.1866753374343
2023-10-13,111.83887584503053,805.9746265567854,300.1528754703114,2039.4084202966262
2023-10-16,111.73741352665908,829.4181214217634,307.2756012723345,2043.3473467910883
2023-10-17,111.5215002763329,843.5111825583139,303.4012316284348,2032.0366433675524
2023-10-18,112.18782768765357,855.6553895542419,305.0759421472265,1999.0141857448737
2023-10-19,113.01110005610664,862.7989912852472,301.92863713598024,2017.4901957875868
2023-10-20,112.463311633983,872.245740692234,303.87721959125696,2032.5045857764997
2023-10-23,111.87026464923707,865.6969126038326,300.7685216979026,2033.6438423597804
2023-10-24,111.59705091873711,856.0237080834844,299.3886524026157,2037.5144606424583
2023-10-25,109.21269198016044,856.0713174812836,298.42859515528835,2054.4775569997178
2023-10-26,107.67676724113387,854.1420640173524,301.78943544037554,2058.314152396201
2023-10-27,109.09328710306207,848.8807880036641,304.9896867295009,2072.7803012516733
2023-10-30,110.81926321132494,857.2007732567977,300.75229377251554,2068.475647810393
2023-10-31,110.57579521408583,868.7138915924327,300.9800558504466,2089.4470050744962
2023-11-01,111.19694811309094,869.8679492116878,298.60817145722365,2094.875644796116
2023-11-02,111.5416143088494,887.9544447997869,294.4167478319402,2098.3072108689175
2023-11-03,114.85198388236311,874.1049930899674,293.7325496314863,2078.6112687397967
2023-11-06,116.09130122457726,871.8514125630238,292.7461698752576,2083.478880134757
2023-11-07,115.96889670033106,863.3215077239166,300.9536976925705,2070.7686944821103
2023-11-08,114.94419901234146,841.3618114485889,302.47537058521465,2061.15141447315
2023-11-09,113.22999040006292,840.4843371868053,297.8271448604026,2048.8341961737347
2023-11-10,113.46533639139562,839.1533246251886,295.96566741240997,2032.7322201740055
2023-11-13,112.67463296466221,857.0277166282684,299.4534512915959,2065.995954829812
2023-11-14,111.18762021283483,864.6414122773775,306.6704831111484,2087.2475396358964
2023-11-15,110.52738042911473,852.5427499177536,301.2452125730758,2118.128014182721
2023-11-16,109.42040377451353,874.8225301563216,294.93128025154977,2098.994268520747
2023-11-17,111.19585862915741,889.8432828119181,301.295424115428,2100.481867768064
2023-11-20,112.14331158550065,897.1426301075933,302.67002793517804,2080.396752590478
2023-11-21,112.1521079429155,894.4226834473703,299.7449085844863,2069.8362632682533
2023-11-22,113.74896786098722,882.6990066454468,301.6079693115775,2055.869674961711
2023-11-23,113.84966108755992,878.2474139211357,292.7665740955783,2075.5769713303903
2023-11-24,112.94423651952965,891.6907370464733,292.81705188164113,2069.7209676291723
2023-11-27,114.59912332164559,915.3803457316849,293.94694368047254,2086.858509860906
2023-11-28,115.20188897281092,935.2645058498175,297.0836213828824,2096.766499205555
2023-11-29,114.09584723851788,929.0447874209284,293.7271514563661,2133.961495141175
2023-11-30,113.90834101261393,914.8342394669337,294.05211343881643,2110.5876236781337
2023-12-01,112.98714530016562,916.7160475718199,291.0216916879509,2131.1359622661334
2023-12-04,111.53758222112172,894.6135932242604,291.90479741571596,2150.05037658576
2023-12-05,112.53529653850995,898.7212773918326,288.9950519878938,2134.6507746610537
2023-12-06,114.60173922434471,896.9765791440036,287.699423071481,2151.329698524389
2023-12-07,113.11460735154662,891.2932283702114,284.50729849534656,2157.1695605355294
2023-12-08,113.73541822635916,871.9005309774847,286.65408927034883,2153.8291458668823
2023-12-11,113.05570181155993,878.2186168780554,289.4968084731952,2140.819566136988
2023-12-12,112.55381932626273,871.8482626530258,288.7663987588327,2129.5753961536484
2023-12-13,111.94276060933898,857.9143382698093,288.9303794558988,2163.1977777352586
2023-12-14,111.04966116147845,824.5195259615059,284.26144674735224,2163.5763767379553
2023-12-15,111.11767281537298,824.28956673266,283.3351620284056,2176.775755628065
2023-12-18,110.26557613795279,844.8721917601349,283.2118984247751,2164.1679626302703
2023-12-19,110.56472887652001,864.6377500772875,291.79354149567087,2151.8128692006862
2023-12-20,110.52925040432791,859.2657585525066,288.17620287045145,2169.8532954030334
2023-12-21,110.2969328463204,852.2115223838624,293.0398026206935,2148.194159735854
2023-12-22,109.37192366666096,857.8538467672741,296.41066896308513,2141.8258875058445
2023-12-25,108.79419854974881,846.1526684899641,297.39527096308694,2142.7407802665666
2023-12-26,109.59037560696763,849.7860620392573,303.42581274313545,2144.909771733363
2023-12-27,110.12725372666951,858.9441322621781,304.74962809577084,2142.3717512893845
2023-12-28,109.1314686932263,873.7636877266115,306.1384116983686,2149.1565608515534
2023-12-29,109.25074597909092,872.6410778700699,305.9951098342857,2160.809254463618
2024-01-01,110.0461004427038,870.2704826536523,310.3116809841851,2173.211408903558
2024-01-02,108.34046752699254,859.8334854586499,314.23594922488485,2157.443272417597
2024-01-03,108.91489382413164,850.1235104388732,312.0563397954281,2153.179702646974
2024-01-04,108.25173023976619,847.5461769626138,307.46431066687734,2173.083399962644
2024-01-05,108.8536991430583,851.959433291155,306.7986166543468,2188.201161726967
2024-01-08,108.0880766910557,862.903086131679,304.0688338417063,2165.9776246313054
2024-01-09,106.2766560407013,853.4387300321675,303.89064882989214,2172.109027922731
2024-01-10,104.67084282727065,871.366660272193,308.2260016412359,2140.2324867945863
2024-01-11,104.73451565300577,868.187594509284,306.6730201587372,2141.355623928523
2024-01-12,105.00801102787364,868.0194064769016,306.5652605437425,2172.6654007248235
2024-01-15,104.1305524250861,859.1650731881489,306.80816958330416,2157.5194412060423
2024-01-16,104.77689971997206,830.8644305705672,309.8155518689882,2144.3191872719594
2024-01-17,103.16062154405587,841.1926783524887,302.062492000469,2157.1059176121917
2024-01-18,103.1120829408502,849.9137021853205,300.0318739135132,2132.4569836145797
2024-01-19,101.95457009330416,846.693162353568,300.7918731499835,2122.6418981303364
2024-01-22,101.3441165493873,847.566370955845,304.9538084860607,2132.595971702307
2024-01-23,101.40510809512564,853.7357984425298,303.2982955681786,2122.7556820481486
2024-01-24,100.59948046783056,835.5325510619298,296.95268442203815,2119.332478489926
2024-01-25,100.25000888523553,829.5137678587771,299.08679294842534,2131.650424641688
2024-01-26,101.22335369238588,838.78092842402,296.9796456704543,2138.8171809969294
2024-01-29,100.68855632412475,824.4109451946183,293.03972451787376,2143.4994614944553
2024-01-30,101.50240269327877,827.8565056184843,291.01153166019105,2138.374740907586
2024-01-31,100.4400983518129,812.5210010156273,290.44223223450643,2144.7292357339857
2024-02-01,100.95970352831343,817.8739702917226,288.4961287208312,2143.0880954382997
2024-02-02,102.36007819410304,817.5537833361543,281.4084086792442,2150.882774160455
2024-02-05,100.0125521660431,799.5391095324626,284.32357192658134,2143.1822104506527
2024-02-06,99.27755539256897,812.6330053643545,288.5022193259464,2140.5899921406694
2024-02-07,99.83572709037344,804.4843380680569,290.6804257811584,2124.9918180951945
2024-02-08,99.65968951599115,795.5827269246586,286.9931806171765,2124.790396718977
2024-02-09,100.02518918494087,797.8789105288907,286.37664423500263,2112.162727037342
2024-02-12,99.47125345174439,810.7646729990433,286.3938795358061,2094.8058024371016
2024-02-13,99.56798317185901,799.5125719276461,288.3836990176467,2099.262282790831
2024-02-14,99.43691440958436,800.2782184020868,290.61642702139994,2102.9980971996692
2024-02-15,100.55568867273728,805.1307279943507,288.2458195209432,2115.839800243584
2024-02-16,100.81322132962498,812.9849364696942,288.5526385497122,2109.3137142176547
2024-02-19,101.15088633625672,815.0587627002814,290.091596955863,2116.1895121861307
2024-02-20,100.77347987047649,811.0064971196258,294.95957857432813,2125.379874908957
2024-02-21,100.32566540261298,801.8400298055599,297.36513826353683,2132.900021810245
2024-02-22,99.93180743841683,802.8800671733894,300.07786599058926,2119.9893230586335
2024-02-23,100.32039557406895,791.1196952264494,300.40351650047836,2122.7448152911707
2024-02-26,99.93748698920497,759.8078303354,305.2874696920058,2128.9575752132387
2024-02-27,100.22691298722374,764.4969819639732,306.75035983680266,2129.4347395232217
2024-02-28,102.22754983940125,774.2136104207883,303.8106253870778,2096.468194377066
2024-02-29,103.08834447163711,749.3476540608586,308.72515380904724,2099.369676207074
2024-03-01,102.78706013743559,739.0103026356323,311.2196762947438,2135.139852722446
2024-03-04,103.97636830312143,745.4551076631212,309.7016756300904,2129.6983490832567
2024-03-05,103.5921407514305,767.0956518009143,308.06373249131514,2118.3689837175625
2024-03-06,101.6318295109476,767.3953030888573,309.14291028538133,2124.716828634344
2024-03-07,100.68381060497758,759.7696276125434,310.8124923025714,2130.101721103013
2024-03-08,98.93484142344724,757.9238662520502,311.5503687880567,2149.7591370870546
2024-03-11,98.62193936498757,772.5829003843264,312.693994276177,2129.776529263537
2024-03-12,98.65427364283799,765.7758296530208,318.8226174688099,2141.9478272078245
2024-03-13,100.2448974130841,757.4186183868802,322.7632796858419,2151.8945221287063
2024-03-14,100.57051360898315,752.4452840271629,323.5051086785517,2149.9486146022355
2024-03-15,100.3779512289908,742.6454695139006,327.02037944757274,2155.8261587352117
2024-03-18,101.18327635549572,743.9852443394763,323.2573960979815,2173.0372140244144
2024-03-19,99.1063974586462,761.004681600238,324.76280770485135,2187.785297587409
2024-03-20,99.34256333372242,764.4979535859707,331.53879321322523,2169.3317697702196
2024-03-21,100.08420425789124,761.9069525435489,330.76446797552586,2183.1937646274237
2024-03-22,98.71079549523934,758.9096223005009,327.64457453354083,2182.4970906981525
2024-03-25,99.79873890406616,742.7216081100815,325.2745323275457,2184.0706218858395
2024-03-26,100.13385162801548,751.9444265255227,321.3234956559068,2185.6506223743663
2024-03-27,99.75702458119203,751.2106304754146,318.51964525130444,2183.540545755818
2024-03-28,100.37071401328402,749.4107593724741,317.22684384463736,2203.673997038911
2024-03-29,102.56331058922979,783.398836386714,312.2529538156314,2202.6539166752077
2024-04-01,102.7555140452191,786.7296289764445,312.35014900477603,2184.4625529916175
2024-04-02,103.01264529296604,778.6550833282461,315.60449117494477,2178.3437978323263
2024-04-03,102.5822553385082,774.1470165169686,312.4145397135991,2181.658808238083
2024-04-04,101.77743945722872,786.6474191144572,317.8857833064217,2202.3992631743813
2024-04-05,102.59489437242493,787.9639208724728,319.7751559368719,2212.8386511543986
2024-04-08,101.78397824311912,772.4922874740224,323.5772641349139,2199.030425980813
2024-04-09,101.86849474971062,782.476368075576,321.2157153355108,2241.1130930185377
2024-04-10,101.42534853997937,775.343762640324,324.3867381112474,2245.9846309938134
2024-04-11,101.90110144971311,795.8178623926508,320.4381251499475,2268.128183330188
2024-04-12,102.23860331409217,807.9020159541153,323.7325737393992,2265.913276938026
2024-04-15,103.2617400516274,802.9912891213781,324.40748236761203,2275.45389918974
2024-04-16,102.7811014754632,817.4579506798823,326.4927663644223,2290.3283127837667
2024-04-17,102.535101102085,818.3108158484948,322.2127141850978,2311.9092609191016
2024-04-18,101.6068050533269,828.1240385069736,319.0018555210757,2330.8581334456717
2024-04-19,101.19669567791951,833.7912693582974,321.21252570266347,2346.675224381226
2024-04-22,101.57373920146532,824.1529031017036,317.8195755472724,2341.4901377884953
2024-04-23,102.3186199138624,816.9187929716649,319.5360953466636,2331.788069693326
2024-04-24,101.44652332124718,828.7478850420885,314.6630813145659,2338.055270553278
2024-04-25,102.29927329170785,824.9962331603307,317.74653393165596,2355.0056564199244
2024-04-26,103.63404678926616,820.4780510939091,313.3787829604864,2351.44341880132
2024-04-29,104.05569402492205,809.7720479081208,315.38977274688574,2370.856174206812
2024-04-30,105.93377117631806,814.6232186362827,317.6777050417094,2397.4405638299418
2024-05-01,105.17822033035456,838.3301423307626,315.2200101246449,2381.295917811951
2024-05-02,103.96446272245927,826.1032394042215,317.34976580832364,2366.6800686955157
2024-05-03,102.24742175130977,826.4651775562473,318.3310224479366,2364.571599697536
2024-05-06,103.71903319143469,842.8859870423092,316.43442340961843,2370.478985300279
2024-05-07,104.3783818284424,842.0423898227347,312.8782755494368,2361.498855255082
2024-05-08,104.33961705970289,847.4247306736518,306.03340489521565,2386.1663926839637
2024-05-09,104.63209625937172,835.1246645189292,307.290344491316,2394.2344717488254
2024-05-10,103.5411636582424,840.1825350948579,301.9266114854932,2395.3553145890082
2024-05-13,105.978177887828,838.0920816970232,302.2937443649554,2369.8981089568065
2024-05-14,106.12397638089905,849.7067515343014,301.43250078330203,2346.841005499743
2024-05-15,106.25006851633229,863.8933266316401,303.803464908209,2352.2310068050274
2024-05-16,106.99767149470904,895.5514343883536,302.8053676935749,2315.008075855503
2024-05-17,107.50162377682565,902.8667673104835,301.7167877543838,2333.193282010154
2024-05-20,107.74585153171323,907.0453886936114,304.27185121374083,2330.8013772336985
2024-05-21,106.96051158020745,909.5853039335663,305.47100897750477,2389.05398866729
2024-05-22,107.45460107259423,905.2369583590832,306.6091703234419,2431.5125571272233
2024-05-23,109.3994292115837,909.5864702800594,308.2863309382178,2428.5921575729258
2024-05-24,110.81614390787463,905.9630940578327,303.0056259286884,2427.052940191034
2024-05-27,112.51431244367373,908.1736463715856,305.6579532100382,2445.802939523962
2024-05-28,111.98933807691733,925.0040975011998,307.82934265180035,2477.916498903695
2024-05-29,110.96408098935089,912.2838488374676,304.34184842031465,2447.838991761539
2024-05-30,110.84931421291314,926.9047341242805,303.5414230094306,2415.4164207452995
2024-05-31,110.92475296195882,944.0760009515217,303.4468615910964,2404.4938001856303
2024-06-03,112.09480405776752,942.6289975260563,303.0250837087509,2415.5193763463944
2024-06-04,110.33337455753636,915.4072181758921,304.2151951539426,2425.0209880471543
2024-06-05,111.95680443257385,907.8215000725392,309.2344201383933,2445.1261888364947
2024-06-06,111.80696502284941,924.3814482933975,313.09286480958554,2423.463494260942
2024-06-07,111.37400818965175,924.1831522131774,308.5101670253864,2381.8063069810178
2024-06-10,110.3309254802014,911.565656179766,310.73564567024465,2397.712052656984
2024-06-11,108.63581128219275,905.3037117841782,315.49579417541327,2383.15260998244
2024-06-12,109.5009371714142,916.005858149661,316.9251019699326,2347.464347178095
2024-06-13,109.59367548006318,923.06730901008,320.91303159159764,2350.439106498253
2024-06-14,108.28259741696517,920.1100195122717,328.3635195329346,2364.9759444682704
2024-06-17,106.98203018117422,915.5380468244359,332.24185682033476,2363.1962040006897
2024-06-18,106.65952809689004,910.6740550087469,333.22708977789665,2355.431314925957
2024-06-19,108.37162813407065,899.1986901745184,337.24461421757735,2352.995118871382
2024-06-20,108.12275302887892,919.6502237822966,337.84443087497726,2346.8113494939453
2024-06-21,106.61429346580873,915.6451010529659,337.9813403400435,2323.4127022080906
2024-06-24,106.3833738550451,931.31676198351,336.682433401548,2311.2868799896014
2024-06-25,106.12589502366437,951.2579794502709,342.7501376779395,2320.8066223132005
2024-06-26,103.47154678721314,964.6091246137091,339.62964290368717,2326.8520667000716
2024-06-27,103.43437940460406,958.9545232431825,345.62877072816354,2330.205739163088
2024-06-28,103.224790256001,964.4338129546855,347.6399561687512,2313.1350978090377
2024-07-01,103.92207521299126,964.2091852233164,342.2135036101275,2310.355932317324
2024-07-02,105.76991315201819,952.3061017535306,343.6891791572209,2273.031430029498
2024-07-03,106.918291619217,956.6944836354457,335.6469167992776,2276.486783976554
2024-07-04,106.66338313654288,941.2855261281069,338.08132931159105,2301.5996027161095
2024-07-05,105.57018647345909,957.0049770346697,341.53774306254144,2276.480956318523
2024-07-08,108.18532629709057,950.9599827674034,339.2969342050462,2266.805235170414
2024-07-09,108.26252582352741,953.7124150680866,339.81816382935256,2272.837633162122
2024-07-10,108.29342719687905,957.5620815848115,347.478520576349,2294.8547479908407
2024-07-11,108.28539311841067,954.2301134205708,345.5379058419237,2287.480817924996
2024-07-12,108.50494690702946,962.1189043072843,341.45967625808254,2275.9283911422153
2024-07-15,108.37370195916083,955.9053282175722,347.2914026180201,2242.685954774579
2024-07-16,107.80441694039601,967.6169591237552,355.1541705740352,2244.8214697149783
2024-07-17,107.26528548542242,949.8320329240061,355.2166945631525,2280.1300474085115
2024-07-18,107.24858349228751,951.5945001302865,359.3622922574083,2285.303764093658
2024-07-19,106.71569462134552,977.6115567799014,364.91924566817875,2285.3070275493315
2024-07-22,106.0155995580898,964.2508723802863,361.9084327026061,2291.266992837561
2024-07-23,106.13858967318474,955.3341937277254,359.97065259161883,2291.464035609903
2024-07-24,105.89945979325185,962.2609721001569,365.078879930779,2277.811151195199
2024-07-25,107.4317024124603,964.7575682465722,372.1711513100551,2292.4204235612337
2024-07-26,104.79015000240955,969.5562596395941,374.60435985928433,2296.7260466458033
2024-07-29,105.89280608446667,976.2516388510539,370.93557623943843,2297.422025478421
2024-07-30,107.16347660313286,984.9778696466294,379.4389372548676,2280.9326194650157
2024-07-31,105.10055525003752,1000.3453293905718,377.2119245735108,2303.9103649995423
2024-08-01,104.77689053164228,1006.1460131711274,375.8316055138602,2315.909214609157
2024-08-02,104.42584694819449,1002.8902363003336,377.34393219480916,2306.6413658408537
2024-08-05,103.06205220074865,1012.3855169396726,384.1041379008302,2324.570841411605
2024-08-06,102.32308919910734,1039.5019597476612,387.89357573415515,2316.237256770023
2024-08-07,101.27050083251764,1037.6992092395917,389.77485293092053,2302.976570803175
2024-08-08,102.9770689673151,1023.8833845567179,391.88036323627256,2290.1778377340934
2024-08-09,103.90753651058913,1039.8200972188085,392.12635982137255,2260.1050497027186
2024-08-12,105.1796949398924,1038.193070215394,394.66881435516933,2268.5608893252215
2024-08-13,105.91566854117231,1007.5017792761861,383.56096580017726,2237.755485428986
2024-08-14,104.80782457434395,1019.5081675879314,382.32441219997986,2217.4480925748207
2024-08-15,104.30569371015714,1012.0760861788331,383.42343592960344,2183.298698461704
2024-08-16,104.80525094346517,1010.9105502378976,378.50254976654196,2182.2492546923745
2024-08-19,103.61785106552878,1015.6762588162535,380.2152086710184,2180.1411850763147
2024-08-20,104.33434458193094,1018.4655316458778,379.385588682697,2175.1331662515613
2024-08-21,104.1136928572509,1028.6338604722298,387.06491682054093,2158.4245557146105
2024-08-22,103.76155731350579,1022.54915379584,394.0835398161774,2139.746085231105
2024-08-23,104.47703210549419,1029.951834849326,392.06016301905385,2147.635174006453
2024-08-26,104.93267167407627,1026.3588490082966,391.442679894264,2139.0790321043673
2024-08-27,104.59145775882098,1037.0278371049815,391.16706056541466,2144.5648463580246
2024-08-28,105.75977930053149,1046.0167149982776,389.221084781559,2130.6234856922865
2024-08-29,104.70103161397837,1032.6494328507983,390.1350752513914,2133.9040729856433
2024-08-30,105.32836806064432,1048.4159887336307,386.8469135179067,2155.3969310338716
2024-09-02,105.93660350978652,1040.7640102977227,381.97042974736166,2165.336411064663
2024-09-03,105.64344165795328,1052.5924046888376,384.7286209693266,2158.963016353618
2024-09-04,105.98579792052948,1058.0722103084875,387.5366894077724,2163.532070771148
2024-09-05,104.75632732191616,1085.4838095315088,384.0699011134343,2159.9664467968937
2024-09-06,105.69123493777855,1082.238118262932,388.0410268981753,2160.4620212547284
2024-09-09,105.52296156053619,1077.1218538988817,385.3237084335452,2155.516889318733
2024-09-10,105.01918795861845,1076.9422593551335,386.483251411934,2153.2065173213246
2024-09-11,106.08164688457923,1072.5365906076875,390.14734944300034,2157.027789712941
2024-09-12,105.39417814787244,1084.6040852554138,390.05099351451474,2141.2547867511803
2024-09-13,104.01680372239369,1060.6876703952673,392.1199890381412,2125.23529925529
2024-09-16,102.51380444819989,1045.4183692483687,389.8828278907278,2103.40186862256
2024-09-17,103.11836391739841,1030.1672648175834,389.0674251372773,2078.4634614362185
2024-09-18,101.89392716198213,1043.9312014940335,388.21237900654506,2059.77540324366
2024-09-19,103.61347186671189,1069.0846791099316,384.99151022851026,2062.610088042288
2024-09-20,101.61068985812443,1067.6475675384863,384.2721321514477,2049.0847208934365
2024-09-23,103.26851321570366,1065.2616235650253,377.6339820582101,2057.4052829936913
2024-09-24,103.49054108091431,1066.4054895420832,375.58709637603306,2058.2947938960024
2024-09-25,103.4119095496537,1083.8268288801337,374.42605538630824,2028.2375585116963
2024-09-26,102.89663115576478,1070.0962661967565,373.3900770574843,2038.6507856698313
2024-09-27,103.30132005710215,1073.7470826885396,372.41896090284473,2051.532577053419
2024-09-30,103.28047134036994,1088.4686793384058,372.20815205327017,2036.5232364369162
2024-10-01,104.37887444813947,1096.1660916530845,374.2873167636742,2043.3492458919231
2024-10-02,104.50766548210058,1099.1624225515181,378.06795237698975,2030.507114530476
2024-10-03,104.67228881631911,1114.6316944863179,375.3430581442608,2032.3519772962961
2024-10-04,104.32931304245284,1073.756378025416,370.30668517574543,2013.359789513213
2024-10-07,104.289225350507,1084.0022558904207,366.00609824407735,1986.5909797480804
2024-10-08,104.60907170385293,1074.330555057085,364.0385469539329,1981.1869000169759
2024-10-09,102.94804802738977,1047.5246678557974,362.6374136403141,1979.6709576960911
2024-10-10,101.66052618411544,1055.0803285794332,359.53325157689534,1974.0639038693353
2024-10-11,102.39276371959883,1075.468525007435,354.33550277785383,1956.8063378269374
2024-10-14,102.5739846615212,1073.5317643661165,352.5549212931285,1951.23130804232
2024-10-15,102.41156344555102,1087.9137901966894,353.32832601885144,1955.539533499932
2024-10-16,102.44515524936045,1112.6097320074307,355.7680073330157,1955.2080621722946
2024-10-17,102.79797895764534,1133.1866953237563,353.5738580937474,1958.2398475963146
2024-10-18,102.29074637982168,1159.3550986983266,351.9691638839111,1948.6762176939312
2024-10-21,101.55684536854648,1171.460431380135,348.3368338477899,1966.3469386825839
2024-10-22,101.76060329288346,1172.8057973264292,348.2593863849202,1949.2726091538568
2024-10-23,100.8396916215736,1147.1724973973658,344.9713657774201,1956.8024396875894
2024-10-24,101.24501194190206,1143.3842354269095,347.2670919777323,1974.6987022175588
2024-10-25,99.64454533978203,1130.215784131336,340.35136339270247,1982.227070361297
2024-10-28,100.63374950073016,1164.8559052960604,339.0117662689627,1979.5309003815407
2024-10-29,101.09969202896144,1162.1389454019914,340.2168399295553,1971.9762028959292
2024-10-30,101.36015885538096,1164.2441343347768,340.9724878681739,1987.8191163452761
2024-10-31,102.32146040522522,1173.2965072546438,351.5922247864615,1966.8854036545522
2024-11-01,103.96044125135921,1174.1259150128624,353.03688381564797,1952.8457533369476
2024-11-04,104.97782319843316,1202.1571270999577,349.08720295500706,1947.3164717882782
2024-11-05,103.18342849855868,1191.9502376664238,348.7563079768333,1965.9545053638026
2024-11-06,101.95904036464218,1195.2916421582843,341.84820963511817,1971.9413128219796
2024-11-07,101.37443680033061,1183.1766687412833,341.58174431826615,1957.8963355876188
2024-11-08,101.41502582986092,1161.8476061343874,338.4157529678701,1953.6408498215485
2024-11-11,101.92797656057256,1152.156680266554,341.9925164332953,1944.9197741197845
2024-11-12,101.24695050993992,1151.6833554065665,339.9137065136424,1934.8408398716044
2024-11-13,101.44138429091532,1144.9688950554073,339.5094925443171,1949.5422873642062
2024-11-14,100.73539313638105,1134.1503711102482,337.1168092971774,1929.758872312029
2024-11-15,100.17039428526036,1112.3739794675687,343.87572702304703,1953.7022063274726
2024-11-18,98.86297006941535,1111.2073175812448,342.67137922338145,1966.3063019546132
2024-11-19,98.01933805264984,1088.3861627227072,349.9132548746321,1982.924528497428
2024-11-20,96.79025687726124,1100.0237615189117,353.2058462344907,1976.3330586174827
2024-11-21,95.9165911356894,1101.3940212238172,355.18943634863774,1974.429573372738
2024-11-22,96.89120203189223,1079.479829056257,356.72545008913505,1953.4865782845573
2024-11-25,96.04064757023116,1074.9739527492175,358.3699408454481,1946.0847450707456
2024-11-26,98.47463047579431,1063.9356441380846,350.6687976785185,1953.692266679372
2024-11-27,98.94994757494375,1068.761635417198,349.60853887129684,1973.2623916915618
2024-11-28,99.13816163287558,1088.9129512007398,353.02235578791687,1957.1488226414483
2024-11-29,98.35245441717512,1061.0880451508895,352.874006388999,1952.0802677750205
2024-12-02,99.0206660839714,1062.889700951242,347.34267983498887,1950.180114266863
2024-12-03,98.49867342520642,1060.642101584742,347.1829099097975,1930.0393692153439
2024-12-04,98.62746125511656,1070.665867317875,354.0041464677564,1939.0156019659748
2024-12-05,101.05794138917547,1073.9439099217805,359.09291686109253,1928.760196782104
2024-12-06,100.98178141884593,1062.9189339665074,358.8886753722479,1926.2406245932157
2024-12-09,102.10007917116057,1058.3377785981284,362.83014028991727,1919.9970807692935
2024-12-10,101.43953206611116,1046.8336570131405,361.3738867237845,1908.899062165663
2024-12-11,101.42159505303987,1062.669864670236,354.5066692302907,1909.1216263992462
2024-12-12,103.14876849925605,1063.0926072259401,350.85703290854656,1906.336315992902
2024-12-13,102.55526135995707,1091.5870228274061,357.17806777710797,1901.3080577940882
2024-12-16,104.34279529199772,1090.7814027524746,356.1178744943054,1891.188164056865
2024-12-17,105.059093226613,1080.2355385802596,355.1840821109197,1896.0836281342306
2024-12-18,104.51827566510943,1057.9185863507248,354.02604279514486,1920.259865286537
2024-12-19,105.16088379848074,1031.9153039410394,361.80141505581025,1922.6180265544913
2024-12-20,106.14806401052029,1009.6108042206383,368.58312108451275,1937.478915632882
2024-12-23,106.7899981060723,1013.4590915925556,378.02449014480186,1917.5500416439336
2024-12-24,105.2334075675663,1020.7339931915368,377.39398925068417,1920.1643031025676
2024-12-25,104.52892022433629,998.7119375113845,378.711953768264,1904.6252563737933
2024-12-26,104.30076746763919,1011.2807059736531,372.3048160028087,1883.7992431616024
2024-12-27,104.24346369005795,1004.6360507266709,378.64303680124755,1873.6180176845285
2024-12-30,104.87275207115398,1006.7849926918827,373.7124522144673,1890.8965539669753
2024-12-31,105.06514818580919,1029.638466174097,374.68242038462336,1904.8482939462451
2025-01-01,103.76373836659226,1042.6224673919664,370.099050559945,1908.6747517577023
2025-01-02,104.15319771235214,1038.8559280841835,367.68539911029023,1887.0086833963499
2025-01-03,104.77195519922844,1026.2092323348643,364.2600888156773,1884.5309689123687
2025-01-06,105.34381457175532,996.1600701330449,361.8065264393776,1889.1546351996508
2025-01-07,106.44150795282725,986.3821054496528,359.64975738811086,1891.984383227465
2025-01-08,107.3000597734773,983.6008763331758,357.46877116548444,1866.114176438048
2025-01-09,107.7832019712447,970.3351816944543,360.910949386633,1853.9119225502088
2025-01-10,107.72832909311893,968.6708657073594,356.46548210900795,1853.3288827595495
2025-01-13,106.06708283681154,969.8023988872313,357.4059471046523,1861.1735650135088
2025-01-14,106.51491596262206,966.8839792987153,362.42469984727023,1830.8418951769208
2025-01-15,106.74056513064244,958.3113259988648,360.3701707837066,1828.9100938247193
2025-01-16,107.03128918396699,960.6521868776559,357.4964554522196,1831.1998369388043
2025-01-17,105.76406841873104,966.6529308983065,356.61104238513155,1843.3115415088844
2025-01-20,104.70528450941842,952.2526497207521,361.46189361176226,1853.305973774972
2025-01-21,105.76870887916135,971.1553582783538,362.30692974814167,1861.8017909285566
2025-01-22,105.74544324992742,969.9286689080932,360.1794746355037,1850.891811232874
2025-01-23,106.4449631141322,970.2814109046567,362.20966178237876,1824.69761680975
2025-01-24,106.48982350567036,979.9518659255,357.75862572998614,1819.593138082095
2025-01-27,106.53615014955274,983.2249229957031,360.581694989589,1833.7341221543154
2025-01-28,107.50142292858978,996.4007338368793,362.30479952452674,1853.4666661155572
2025-01-29,106.99495561041026,1000.475901957243,361.09090902223824,1863.7653940204143
2025-01-30,107.10864737605758,992.1217826015887,357.72166429658984,1870.1416928838391
2025-01-31,106.6582069650929,997.2068425273935,354.19064746858027,1875.8349122670375
2025-02-03,106.23754322317168,981.625664827536,356.3928757442106,1868.2829967899547
2025-02-04,105.94392328889678,983.2042845725915,361.4425695604758,1866.7640986320682
2025-02-05,106.18285607721373,982.8522194657077,358.8881924393397,1890.7873400291076
2025-02-06,105.71985157818128,980.121873856335,360.8068025036305,1877.682111623646
2025-02-07,106.99822394912567,978.4776480453677,352.41593337253016,1901.0654998535001
2025-02-10,106.11386982111948,953.3864668766769,350.1344739339578,1896.765478273444
2025-02-11,105.94295193029885,946.2607039062777,350.058136061027,1916.1907325678146
2025-02-12,105.5198895616599,947.576058868473,346.5123743168285,1896.242964127032
2025-02-13,106.98898523961157,949.774881104029,342.89822161174817,1904.9836045036857
2025-02-14,107.2043606357284,936.4397003102634,340.3572807714681,1894.72514259386
2025-02-17,108.27136446391059,953.1083342878825,341.5326126790196,1874.8810387902508
2025-02-18,106.77857026207423,941.8319863130457,340.85364389102017,1878.2998165786657
2025-02-19,107.06481632201371,954.6690110058867,332.3564902576243,1893.0092251394979
2025-02-20,107.98522387528419,960.4360819889689,324.50333264848626,1881.276300716678
2025-02-21,108.08583524539266,951.9704035903712,322.3212531766471,1860.3948973320564
2025-02-24,109.19631259598978,975.7826070711118,324.041804572607,1859.41948783247
2025-02-25,108.68058298030965,959.8720096663384,314.1444413106441,1858.5065368210962
2025-02-26,110.15450818928355,972.276873098944,312.41130463317927,1866.5428491428022
2025-02-27,112.59083470148452,985.9540600063156,310.5943254436815,1880.3089107289036
2025-02-28,112.22273290581066,976.9331438630285,315.56479665769047,1879.783822648913
2025-03-03,111.76849798170267,996.070816321314,314.23227086143385,1906.659790237374
2025-03-04,113.33145010951743,992.7267180564126,315.64218385670824,1910.2188312084045
2025-03-05,115.05336173236671,996.8085409363861,316.1905615943194,1905.546625319134
2025-03-06,114.50394113344566,1000.5136717815133,308.6848485185834,1882.7932528406052
2025-03-07,114.06775573596144,998.7553518688572,311.4272073935089,1879.3778080265433
2025-03-10,113.78193616970727,1010.1448173250675,312.23063222271384,1874.9233224001637
2025-03-11,112.36288548060307,1021.4189673796644,314.07740623934495,1888.904114039162
2025-03-12,111.40887670099035,997.0671199012883,328.4198926404787,1895.841334348875
2025-03-13,110.37377263409262,1015.358394493204,320.7928082875033,1879.3338230710303
2025-03-14,109.59275887678758,992.3335938015779,327.1719280168896,1882.102168063924
2025-03-17,109.57369451431629,1006.7387862651979,326.151039348754,1892.0018840569235
2025-03-18,109.83335067779903,1022.6867456353563,327.25926480419145,1914.307884042344
2025-03-19,111.47148804214389,1007.443804347953,327.13429743638017,1927.5213052607435
2025-03-20,110.44184098176144,1001.8269328441345,325.6081033403483,1938.9685977834072
2025-03-21,111.49099203349706,986.6933474458172,323.554428988404,1940.1789862391292
2025-03-24,111.28289514342798,983.8595518992811,324.80914217792275,1946.2130015963533
2025-03-25,111.24800026510042,979.7687575051226,319.3120217284271,1965.0165042264107
2025-03-26,111.97685077514353,990.5140416782285,322.08440677735143,1945.6490739622832
2025-03-27,110.81223632204525,1008.7685370603564,320.611006349679,1940.8460063527082
2025-03-28,111.23047573475162,1028.575728223008,316.5714337523488,1929.87210568458
2025-03-31,111.42269165098767,1020.6978107674258,315.00243721309124,1935.7400413578969
2025-04-01,111.95958958421802,1017.8467432781786,319.5677288398895,1954.157492602767
2025-04-02,112.2831892581966,994.4767897892182,317.67639309488146,1945.6892613560174
2025-04-03,114.9363309377698,983.5326460757634,319.0129960219069,1911.1728839745952
2025-04-04,114.26336742262062,996.8744146302348,316.4222968038122,1905.5503687008982
2025-04-07,113.70897627791784,1019.5504288687716,319.19616678198753,1919.0800448986558
2025-04-08,113.05879464581447,1002.3604691752628,321.7300728121152,1927.2225424786218
2025-04-09,112.48422554393923,994.265789448074,328.58918466441986,1933.799062596884
2025-04-10,111.82599219479124,994.0037668955234,327.97969816980316,1930.038180135168
2025-04-11,113.10684941999767,997.9728244619063,330.52016480493256,1911.7920779633066
2025-04-14,114.65288991072579,986.9391408019178,330.9322854660013,1919.579521975945
2025-04-15,114.05376267617011,992.8580382790374,335.87588796037727,1907.8356398159228
2025-04-16,113.17764779158308,986.460492211956,333.1940471717519,1939.9253391258246
2025-04-17,113.7003997691581,986.3639138798598,336.0657205462085,1948.6405151975562
2025-04-18,113.12604836514302,993.9615626394943,335.3695992017118,1940.435651359277
2025-04-21,113.82214319197136,994.1518104223537,335.17054985652055,1931.8164259165221
2025-04-22,114.05813731128814,988.2587564988829,335.5644397277166,1930.7875230919956
2025-04-23,112.45348045000324,986.8597130225685,336.5707141034535,1927.6224255853579
2025-04-24,114.12746622674157,985.752865864399,336.1725219739661,1944.29540289486
2025-04-25,116.09852306059595,980.8114018077351,337.037173733133,1947.3678997322775
2025-04-28,115.44597000320928,977.4000097078817,343.1684847911082,1936.9564306289715
2025-04-29,115.04150344536156,999.3984450407717,347.071083996367,1965.1687521019267
2025-04-30,115.37040976330537,1007.3007795327209,350.55549527870534,1966.2352972168317
2025-05-01,115.75339188919051,1003.2870570659571,348.7962078443724,1978.032019164149
2025-05-02,116.49384330372204,1013.1283576055625,345.34326856849145,1969.29281620832
2025-05-05,118.74600992879321,1008.5553952742764,349.15121908635126,1975.041161034168
2025-05-06,118.56586363701297,1025.1914396464558,352.68407508674,1980.0277324826407
2025-05-07,117.69295858376803,1030.562228012122,358.6709260696615,1952.2768097397516
2025-05-08,116.18684355309608,1029.1362094295741,356.2707437849946,1982.5822771428484
2025-05-09,115.40489210084884,1035.647643044495,355.3922993555004,2002.3597733530708
2025-05-12,115.38651526239485,1013.4486877746474,348.893379235281,1996.6957686165742
2025-05-13,117.37785287426927,997.8482269049966,347.3907735386952,1980.4640062819822
2025-05-14,116.82312580082434,981.5739189773099,351.38569603066423,1986.011436114992
2025-05-15,117.08842433358792,983.6210481170857,349.57881210658735,1987.6509975045672
2025-05-16,117.08825901184952,1007.6271518304552,352.17405262518804,1993.3407181632433
2025-05-19,118.42869289388912,1039.3790905333824,351.46127900389365,1996.5686144798476
2025-05-20,121.30912849350412,1048.7179777313054,352.80240259205493,2004.5641944541128
2025-05-21,120.72069844103387,1056.130627091945,348.2876309198074,2026.9599758148534
2025-05-22,120.18216121426829,1030.2010160851896,348.6710666554411,2036.0291575598824
2025-05-23,121.39245959399018,1022.5868799109991,337.0889386372688,2020.2810009262746
2025-05-26,122.19593773167058,1011.5869120059896,336.4204551047074,2041.54415324622
2025-05-27,124.36606046913607,1003.0231001861367,330.3022123330019,2067.3718874472183
2025-05-28,125.07339060261315,1000.7909791269796,334.89493298980943,2117.5829737745116
2025-05-29,124.66865633560877,994.3664154735959,337.9053908461023,2100.031524374299
2025-05-30,125.38567684231064,967.5601852009964,339.7437395074704,2104.248114226456
2025-06-02,126.72564015470027,977.7412580660675,345.70034420272873,2071.7400694551675
2025-06-03,127.73158035424906,963.4115016796734,342.0465256076156,2080.774381615394
2025-06-04,128.36504159714565,966.710106051094,348.93795634760215,2072.5214541901937
2025-06-05,129.68533168472598,995.0023794166403,352.69311516293004,2103.232999834866
2025-06-06,131.1463093683091,982.5055933304287,351.7955414982429,2091.3085846398467
2025-06-09,132.89076966686804,948.7467742144239,356.4026061224128,2065.125098229262
2025-06-10,133.7284180252191,945.0904750163147,352.00695910035375,2058.1308716901526
2025-06-11,133.53794432504696,959.7193624947798,348.7781200112602,2027.968969260606
2025-06-12,133.7437624070977,986.2239282779104,346.42603370616587,2039.862500600633
2025-06-13,135.29802751453732,969.6603561268191,344.4005647874873,2008.607477439066
2025-06-16,134.2782862871708,976.4581058259072,340.34482739323914,2009.3808605547633
2025-06-17,134.76760019606812,970.2809135582271,345.1440572984131,1978.402508810773
2025-06-18,134.2882867102544,968.9564871237094,344.1786593877619,1973.953378156133
2025-06-19,134.34542280091907,1005.2275783975799,345.60345668459865,1998.9677757817867
2025-06-20,135.99910022479503,984.6068368452961,343.42164888362737,2004.7653435903605
2025-06-23,136.265849859913,988.1764680689926,336.44995477240474,1992.0603630842863
2025-06-24,136.3466186588284,994.7040863512041,337.5270667271323,1991.928821850468
2025-06-25,134.62654976138805,1009.8885500724905,330.3315669822576,1992.5385171104058
2025-06-26,135.6000643871723,1011.3643674471672,330.11886564282,2000.0097457113684
2025-06-27,136.4506311146086,1015.7952855649993,325.0801220494681,1979.78730388209
2025-06-30,139.28991465933134,1010.4001901633197,332.5330986942203,1989.0132181425902
2025-07-01,138.90677392062483,1014.2796032796288,336.03234123308096,1949.0950882982943
2025-07-02,139.21612235260088,1009.5702983168695,336.4806592693883,1940.1660635830274
2025-07-03,139.56602500915645,1018.4087404595564,341.38261455968825,1933.3464380359792
2025-07-04,141.68369728055544,1013.3092033015118,338.1676204049729,1942.9544932024673
2025-07-07,141.57794320897375,1018.7230335776277,340.30364575546355,1943.6169873581007
2025-07-08,141.97353631694887,1018.41424072058,341.1212749765425,1923.4019112021501
2025-07-09,142.813349325517,1034.5377640327597,342.18991585763393,1909.4580151126402
2025-07-10,143.08739372565176,1033.9070237632664,347.20908608699534,1912.6527657433828
2025-07-11,142.50697661561853,1008.9148160222481,350.1518644416995,1911.8346091310361
2025-07-14,142.79052627671567,1026.8196251434756,351.3471986060886,1903.8066538762048
2025-07-15,144.26867235448265,1014.1150840728974,344.8620119391561,1897.2215301745266
2025-07-16,142.8980520662824,1005.0712404326644,341.17399514839855,1907.5559971028565
2025-07-17,143.09971122385693,996.9104987219773,340.7453197413893,1900.4283217856603
2025-07-18,142.17801774400797,1016.185609374652,341.1520272024901,1899.485817810103
2025-07-21,143.81472189245693,986.6506409541015,336.8531325265475,1931.2283425583619
2025-07-22,141.78145518385512,1030.6072848925883,346.2382067280828,1910.8803641602458
2025-07-23,141.05632502214462,1045.908805834705,352.29025233431025,1884.6371057770941
2025-07-24,141.58176091767263,1049.2570681858858,354.7512796803602,1896.1556757042815
2025-07-25,143.71381803123884,1048.5664873652743,355.0887902281001,1886.7736178196146
2025-07-28,143.6466458389298,1052.832098361231,354.2829100747217,1882.5598659939742
2025-07-29,142.91700298303948,1060.5718339503837,350.5264478692684,1871.7940118667018
2025-07-30,145.50247494448382,1070.207395364242,350.8815965031427,1868.4389056556856
2025-07-31,143.54727464288788,1078.5901721688701,351.955800422006,1891.4749583897858
2025-08-01,140.617217252023,1080.0406126408332,347.08145265235265,1903.3020303319743
2025-08-04,141.22479943448062,1077.201174452334,348.44584293695823,1916.0732831917271
2025-08-05,140.57803535359196,1075.055300449669,347.8796102988952,1895.9918358615719
2025-08-06,139.24942828305052,1072.2650804505276,340.48058168616853,1879.8839285548165
2025-08-07,140.2061559855945,1089.3577105690727,337.2202821724264,1840.2813337090677
2025-08-08,140.55113212523312,1098.4680970385305,335.6874954696894,1829.3669097601448
2025-08-11,139.82548090905502,1054.7133194862236,342.9961241584705,1842.957823323073
2025-08-12,138.16534366724107,1064.4532703992652,345.21382011696284,1850.4879910428801
2025-08-13,139.33050257075723,1067.4391660135298,340.0712596544851,1847.7057634762753
2025-08-14,140.2107181462568,1067.2717000375098,341.9964795693891,1847.7081044658476
2025-08-15,140.10092652978926,1061.649255537194,336.09363348706074,1838.4234150246446
2025-08-18,142.58893581069844,1078.4283171677369,340.2907781037715,1841.58393875716
2025-08-19,141.17614064885908,1092.7949435321939,338.52317620807094,1852.5913236142833
2025-08-20,139.17710337406214,1081.2630905079093,338.20930513488605,1830.410502089583
2025-08-21,138.29140652087847,1087.4912972516663,343.3781086893854,1834.8729180832868
2025-08-22,138.25310821350988,1073.0552631971361,338.44827077674654,1848.1656580797771
2025-08-25,138.5926748315839,1052.8414332705102,333.17356070709377,1842.6883941441183
2025-08-26,138.29838174730364,1043.843456922924,331.02049442593585,1852.789292099022
2025-08-27,138.78055133943357,1056.5021190713912,334.98592854359583,1892.9545416484432
2025-08-28,137.1700987075908,1070.6597168732394,329.3084628010026,1891.7833240758648
2025-08-29,139.07562015955986,1078.4103868005045,318.9439523730226,1897.7384827908134
2025-09-01,138.98907449624014,1089.4133679422916,317.3590731930929,1887.5006738672823
2025-09-02,140.48581915388598,1097.346833114116,319.393580016154,1890.4096099468202
2025-09-03,140.96318716524064,1087.745905147712,323.81357079859106,1897.3206337337833
2025-09-04,141.59465798324555,1094.388590922326,322.1606461421117,1900.4399444171484
2025-09-05,142.38092253309276,1106.7091224499197,320.7042343134063,1886.1676616073123
2025-09-08,143.00652192935368,1118.4532828381277,324.9714854588691,1889.4331583710757
2025-09-09,143.89979167555006,1137.1508787130074,318.197000796412,1910.7577124888473
2025-09-10,145.74087949669823,1148.4858865972128,316.8407893179052,1917.5744505241692
2025-09-11,146.03421846138275,1154.2115264951851,317.5682439314364,1931.8978491177756
2025-09-12,147.03846113068585,1171.577017015598,319.23277065150154,1928.7672349102193
2025-09-15,146.93642939268074,1171.2663921165347,317.435290367501,1940.0613857114542
2025-09-16,148.97248710364718,1157.1571876579794,317.6018769170175,1944.4915371190755
2025-09-17,148.04615776419857,1154.6632952324774,308.80740133704546,1930.8921581227455
2025-09-18,150.61021764432653,1142.9215906370914,306.5522081706457,1935.8757110338258
2025-09-19,150.5762306926576,1132.3929770727702,308.17398501883645,1921.743999987777
2025-09-22,148.57705136467814,1130.242953670884,304.80141600405716,1912.8969546339824
2025-09-23,148.77988486033942,1118.013093229765,305.0462531174835,1915.9620106163347
2025-09-24,147.84824372148023,1113.3656237639455,306.63698833934995,1920.5981014082663
2025-09-25,149.05024623953923,1084.6386279070925,305.48924813640855,1903.733080085749
2025-09-26,148.15670409387045,1087.9609144464,306.12134882882486,1919.28738272183
2025-09-29,147.5560727460329,1088.0904844571169,302.8384072747014,1927.9316891326453
2025-09-30,144.96720521748802,1075.9488331221187,302.1702889653345,1918.0141610027447
2025-10-01,144.37115123059047,1085.9352257057449,304.3091292208203,1896.172067035675
2025-10-02,141.12382349388702,1100.250032912764,304.8921447315509,1894.4179064761172
2025-10-03,139.0488041852364,1076.1191092618528,302.91177083837397,1888.3632368871026
2025-10-06,140.07303900041845,1064.9130589527415,303.7236007575582,1890.2999957234938
2025-10-07,141.13866927529943,1053.7299795950726,306.23571631386,1885.4386166154168
2025-10-08,141.7290084414802,1040.1997679733338,299.2397518977132,1857.3586085118227
2025-10-09,140.46151647713754,1052.334049057363,303.23918678298907,1852.228650182394
2025-10-10,140.41979716213132,1049.6185413353744,302.12572722528404,1848.2683390087802
2025-10-13,140.43661049706424,1045.8849341716411,303.6276075635346,1857.458278298357
2025-10-14,138.9292024501912,1017.3434947039501,307.81889489740473,1847.99447588218
2025-10-15,140.93855524535573,1026.4469339785226,303.1089814676193,1871.9120834978905
2025-10-16,142.13368824782623,1009.0720377261566,300.72079346349005,1845.3696505251776
2025-10-17,141.85904672003838,1010.0139100942154,299.77869830011394,1864.0675333205495
2025-10-20,141.9169110690526,1014.0077692425074,297.16624435175237,1861.2254133304987
2025-10-21,142.21849259944574,1033.4160869221844,303.11073055854627,1873.6769567795047
2025-10-22,139.52248123386008,1014.9443048288684,300.2205678672097,1875.1260261110617
2025-10-23,139.21839778863023,973.448472964763,298.37534751361096,1891.6698216151317
2025-10-24,138.34541036670913,976.0318215120014,299.10776607455364,1886.4591428967663
2025-10-27,137.06330261168122,1000.7953475097154,295.0978401062636,1871.1751464137517
2025-10-28,136.72074716334615,1018.2318013112306,293.81622655872513,1891.6973567339392
2025-10-29,139.0843821222802,1021.2992407692452,294.9153012726473,1890.3963320997382
2025-10-30,139.95066676637097,1014.4681916363944,293.8437153474596,1893.8867000508471
2025-10-31,139.2187749003891,1025.9844336948986,293.57210003190534,1911.9714087127716
2025-11-03,139.99557073962052,1012.3383709405093,291.8544823928539,1897.4366691719367
2025-11-04,141.88079317867974,1019.147967994606,286.9238868279736,1906.3209553055037
2025-11-05,143.1478421364985,1026.4174051276643,288.01069911210556,1898.161600707142
2025-11-06,143.2505480136594,1041.7166744163624,293.8386557500686,1896.5881739320064
2025-11-07,142.3994267086957,1082.4399165483048,293.9393955772771,1897.9470327728427
2025-11-10,143.36406916385545,1088.4540971732367,294.7306801140065,1876.863481923584
2025-11-11,143.920230367994,1080.914279593776,297.0946738855769,1866.1629221514295
2025-11-12,145.16510371871803,1080.6418741282257,292.8885400673923,1885.6402188171608
2025-11-13,146.0614349037198,1054.5777880209912,298.63764713254466,1898.6369212588731
2025-11-14,147.53986803625946,1044.5801640764682,299.36371607849173,1898.0604508058752
2025-11-17,146.8181437401472,1038.7782960945399,304.995469021493,1901.8749802555083
2025-11-18,148.6800493260271,1031.3663801775783,302.51148234579125,1897.9717353804897
2025-11-19,148.98082222931916,1033.6521699730235,308.85386814018125,1917.8609108869093
2025-11-20,151.95443857321135,1022.0424619734304,311.6222791114051,1915.2837312421125
2025-11-21,150.9913101923741,1038.1512058613305,313.6246292798163,1918.9692193216845
2025-11-24,153.51209714834505,1038.2604776515027,314.5001450999973,1935.9945849083388
2025-11-25,153.82309735727677,1038.2329543711649,313.6571827626739,1924.9782269429477
2025-11-26,152.90268479723508,1033.6315449298954,317.998762511685,1948.1259066189878
2025-11-27,152.22857138375832,1035.963068179568,318.5479934753858,1926.0446143993402
2025-11-28,151.79181179156743,1047.9843607172174,311.56338562467937,1950.2493871432976
2025-12-01,152.42484944183212,1035.571810986913,307.6827519190766,1945.0932782644438
2025-12-02,153.20329805897265,1026.2747436701225,307.0762414147798,1941.857802666618
2025-12-03,152.39846929785458,1022.0686135772598,308.1988665327819,1914.6366244532148
2025-12-04,152.38683268273837,1003.2843710268628,308.0424872298932,1908.3896452024178
2025-12-05,155.5268774187556,992.0592193923222,312.3716533589746,1893.769735219122
2025-12-08,158.1108042975587,985.6342893140088,305.57779273815464,1885.4110826680917
2025-12-09,158.78843540354382,997.7529079545442,306.1167753841851,1883.7750071160551
2025-12-10,158.86989394966466,1001.4926312666133,299.91131918641116,1897.7857491257153
2025-12-11,159.07464372867898,1004.2859619178747,302.5465902453099,1901.0892026474828
2025-12-12,160.02411445882123,1016.3029883953843,302.2632567622589,1905.8395966298879
2025-12-15,158.50938576763815,1014.4738548992832,303.74556861641116,1890.4428952376354
2025-12-16,158.14867916360805,1020.0828236610232,300.8250963400778,1878.2173405589572
2025-12-17,155.69870013138768,1018.7289121071211,305.26215017752577,1904.2534237666384
